cod_orden,destino,origen,fecha_orden,hora_orden,descripcion,cod_cliente,cod_prioridad
58555aef-f4ba-4e16-9789-c2eab1f04f52,East Pamela,New Erinfurt,1995-12-06,19:52:43,Expert head society.,27877be5-89a7-40b3-ba62-2d5f9ccfe100,9c3b09ae-9109-42e6-b051-ceab414003d8
a485d191-4683-4768-8e99-8624b0d8e439,Sonyamouth,South Dawnfurt,1977-10-06,13:15:18,Central west nation store air hope.,55edc730-9ea6-463a-83ca-2fe3a9bf5155,33b60f9a-720b-4dc1-ae46-e2020b253a3b
4787bc2d-8960-4c47-98e8-68e5e47877e9,South Kimfurt,Lake Daniel,2017-06-10,15:39:13,Amount forward spend why top treatment year everybody.,a7af65fa-030e-411e-b055-cdb1221a0912,2cba39fc-25d5-43b1-adf8-1c8a84137593
349e34b5-6e0e-40af-a340-c3f50f8e116a,East Cynthiaton,West Brittany,1993-02-26,09:41:13,Member smile environmental former.,42012f1e-4b57-42d5-b8ec-4fd49c31e227,caaaa8dc-114c-4141-b2fd-a7419dce8aaf
91986723-b9bc-4342-bba0-403ab3a5346d,Ryanville,Lake Leviland,1972-09-17,04:47:59,Speak statement from also.,7792310b-2792-4cd0-866d-b36517803670,9f4d7148-3d7b-4dc0-8353-4428ce6e5562
9dd9b7d3-0c4b-4c55-93e0-dc1c6e2d4154,South Reginaldville,Gregoryside,1972-10-21,13:21:47,Read trade animal loss decide.,3dce92ec-5502-472d-b986-b9eb7430714f,8061357c-0bf8-4c65-a4d3-f06e0e8b7e6e
6ac39ce0-e85b-482a-9262-ac2433c286ef,New Trevor,South Dianachester,2006-04-25,21:19:16,Wide us owner oil whole.,f8959c01-4182-4ebb-a7de-e4e2c3043ddb,9feb5dbd-9afa-402e-ae6a-2972ed220f66
55920be1-6813-4d38-926d-e63f4828f81e,Thomasport,Jessicaside,1975-04-12,04:27:42,Civil be real our son certain.,639fd942-d059-4f96-b4d7-5323716ee45f,87e2333b-d82b-42d1-8a22-db94577e0e1f
afa629aa-750e-457d-aa25-ebd69d92c852,North Karenburgh,Lake Danielstad,1995-10-31,22:12:21,Once situation center court.,13c1b97c-415e-4f44-a57d-19fe5dd9fbf9,02dff6c5-2bce-481c-94b1-52b8d20efa89
4564de9f-ad4c-4bbb-bace-af8f8927b61d,South Donaldshire,New Nicole,1995-06-05,15:01:55,Prevent somebody serious way.,66a4b9d4-d000-4cb2-a305-819b13665e60,9a3079ee-a4ea-41ac-b389-40dc0848f391
bb319741-9e54-4ae6-bf5a-6cbcf6398389,New Austinberg,Hunterview,2012-02-27,19:06:05,View possible involve model.,dd90a829-b830-4a9b-91f8-6608703db4fb,03a6d2ac-1c25-46b0-9d57-a29d3ae52dd7
ef915b8e-3791-4fa2-a242-18b71223ea3a,New Theresamouth,Duranbury,2015-11-27,12:27:59,Series treatment road language himself song president focus.,a9b69fd1-d41e-4838-ae62-1ad117a253c5,1e2a7197-bd11-481d-85ce-d400eb732041
a2c87d49-57fd-45b9-9364-c93898688e10,North Rachelborough,Amandahaven,1994-06-12,06:10:52,Rich measure group watch avoid.,993a3936-b849-4766-b6f2-57210f39590b,8a591def-a6f1-478a-99b3-ba8a93362ff8
ab1ab6f0-5cab-42ec-acfd-492601a06235,Gomezville,South Jennifermouth,2021-05-10,17:05:25,Finish art recent vote near.,8c799e5a-efb7-4b45-8c8b-2960a6679583,21968cf7-c946-4b7a-8b65-67fe254228fb
69a007c7-3b51-4b40-a209-947303f9d452,South Alisonburgh,Jerrychester,1989-04-14,14:30:52,Movement think police his standard culture.,73d5b138-0f9e-4b9e-ba6d-d3fdac88a09f,d26bceff-8dcb-46d8-ac8c-a38399c2a7bf
b28cbe69-cf2d-4267-a74e-fffaf1bb2082,New Cherylfurt,Huangberg,1999-06-03,14:05:11,Positive two student behavior.,ab3fbd79-54c0-407b-aae3-c25be7841255,7523cd7e-682c-4e5f-b1b1-d0570fc9b4d0
430385e0-3c5a-4276-a1f6-884c60412843,North Tracy,Port Brittanychester,1996-02-06,06:59:42,Claim measure oil speech billion final.,794aab54-6014-4bab-b7ac-810b3ff1accf,0dd2f227-4e65-4d98-ba02-cc82f14adb58
afe7de68-4495-463d-96cb-0da9398f8871,Thomasshire,Jerryside,1992-06-09,00:45:39,Why also order southern job.,2913d34c-9d01-404e-9fc4-9f57db2e47a8,11ff3bb2-4d59-4606-99ff-0aaf2e239101
910d7ef1-d063-493c-871d-c3d43da273d6,Haleyport,New Sarah,2007-06-08,15:30:37,Federal school director sit stage ground.,8fded0b0-c2cc-411d-8dbf-ad9e3dc75593,2a109b7d-d682-427f-8eec-5a5068cc981e
9288b9d6-e584-44de-8e64-81046a3a03b9,Campbellchester,Port Brianburgh,1993-10-24,15:49:06,Sing while benefit boy expect idea.,42c5b851-95e3-4018-b364-d3dd269576c3,4a29b313-3eae-4a1f-b712-dbcf175b1e8d
3ae3ba9d-d9ac-4a12-8f2c-676c384e27fe,Lynnfort,Danielborough,1970-01-30,07:27:54,With control record under size main economic.,f6a22308-2abc-48ad-b5aa-1c9e0e0959e7,59f811a3-904d-4fc2-8c25-6cfbaa6657f1
08c40773-c07b-49cd-96e8-5a873ab9f398,East Corey,New Nicholasview,2023-10-01,04:44:38,Well discover authority tax director economy number stay.,dd6a3f5f-6f0d-4a47-a16e-292c453cdc30,393123e6-81de-4d43-ab04-ffd5f8aa2cfc
a75f7f30-6999-42cf-a674-598e659c6d81,West Melissa,Burnsview,2004-10-04,02:08:27,Seek to race understand space off reach.,423c9e19-d70d-43f6-bb7c-1ebb7948a058,b1441330-8fcd-444a-a25f-726a3554ba30
66453820-78ad-40f4-88b0-7fd53d12cda3,West Danielmouth,South Brenda,1978-08-05,11:25:46,Worry raise international it.,829f9ed6-4f77-4644-9830-d73853d16963,bcb1ec28-0931-4030-9f98-17a09eb83a19
a0b508a9-9721-410c-a789-7bc1b1795ba3,Rosebury,Robertshire,2013-04-06,12:44:41,After according board maintain.,8499fa38-d0bc-420e-9597-d9d5d2b9c085,74b81992-991f-4e4b-9290-6b1ca398182a
f60a93f3-5d43-4f5b-9d8d-0d43427ad64f,Brandiland,Johnmouth,2014-06-11,21:44:49,Hotel run standard.,d725fea6-d5c2-4e00-af13-a6567fb6f7bc,85de5654-9936-420f-84f9-3514e690b916
61c1ba48-bbf4-46b7-8233-d297af220121,Garciamouth,Barrettborough,2011-03-31,08:11:28,Act miss do.,23f29453-c1a5-435f-ae41-ee652518de8f,746b4f08-50a1-43f3-820d-9501eb2fd38b
faea8c29-eb05-45d3-bb25-f261f3bc5d4a,Higginsview,Kellyport,2005-03-30,00:11:06,Follow safe theory she.,7dfc67ef-1152-4164-adf7-30b04bf6e8a1,2b320ea6-0db2-4000-aac7-13a7125f3545
6df7417d-5880-44de-a8f3-786a0953be84,Markton,North Paulton,1979-10-14,19:39:18,Security simple say move whatever.,0b3e20a3-345b-4ec5-b3ae-157d37882c4f,7c112651-aa09-4a72-9abd-b24efe41026f
7df0a6bf-8492-46dc-bf82-2cfec118627d,Port Jenniferview,South Matthew,2002-02-17,05:51:02,What meet heavy surface mother yourself natural.,98f2daaf-f11c-4593-a1a5-5947138702fc,c83dc24d-9f9e-43d3-bf49-e02f434adf35
4f44982c-7e4e-4991-8156-e4bf6e62fe57,Taylortown,Erinhaven,2001-02-06,01:51:04,Agreement production edge.,3904a817-1f14-4edf-9bbd-5a6c37df3382,fdab3d62-ab1a-42b8-b9ab-a6c8c3f99608
bcd5363a-6b4b-4da8-93e3-498f17dfb90c,South Kaitlyn,Samanthaburgh,1977-11-09,22:17:07,Agent her kitchen on economic executive food.,a845dff1-35bf-47bb-a9a6-2dd0cf95cad4,956d160b-6c65-4aaf-823a-b9e8745b28db
f61b03d6-28f3-4f39-9c54-b9932377f572,Rileyville,Leeville,2009-01-27,20:56:13,Especially exactly character turn affect.,2319b2b7-0277-4c25-9395-1ec9de3b17c0,00ddf678-62e3-45e9-83e6-6d4b0db05ff3
bb8c7a5e-7b60-4187-aca4-5d61ca9a71ef,South Pamelabury,Hortonfort,1989-02-08,09:30:03,Direction star director benefit research or.,449a6d16-98a4-439c-91e1-52d7bb5e5af4,fc36467d-d6d5-43de-9a78-b7d1f0225fb0
b3fc4b68-cb5a-47d9-aaf9-bfe39e4a0d94,Elizabethstad,Baileyburgh,1975-05-05,21:09:07,Voice into similar audience improve.,6af23690-a8e1-4c24-bddd-405a2aee03e5,80ea8c5b-71a7-4d95-9e5c-0e7909bcb47b
7ed03742-dd49-437b-9c08-9aa3baddda7c,Perkinshaven,Moodyborough,2021-07-19,10:31:26,Gas between top option.,28ab8b19-7dc3-4d94-a889-8ca5de3e2a0c,d7b69bde-ac59-4d3e-8e17-36e3a54de8bd
7708f52c-22dd-4e33-b63c-eac232ca914f,North Christopher,New Andrew,1976-02-11,16:16:50,Stock rest our already kind involve.,394eaecb-c52d-4af2-a65b-2f8ac540d30a,a9031614-da33-4e15-a95d-7ded24cde867
4f1e6504-7aa4-423a-84db-243eb61a0144,New Jesseborough,Stevensonton,2020-08-16,21:20:14,With thank popular common dinner reflect right.,7f533478-2571-441d-8a1a-15c9bdc749ee,a87c9891-a08b-4da8-8669-1e736fba0bc6
4aaa9b52-c927-42df-b6be-7540971f632c,Robertberg,Danielsborough,1985-03-23,13:56:13,Member five behavior arrive central knowledge parent.,9d5dbea9-77d9-4d6c-8850-361d1559178c,f55670d0-0428-4425-8983-4db8dccbd703
75b8fad0-4f93-4883-8cd5-f169b4173e47,Timothyside,Gabrielleview,1987-11-13,20:19:56,So computer continue people community wall bed.,2b2410b1-1234-4c47-937c-04b93c9d866a,dc49d120-792c-49d2-bae3-007d664877c0
7473227c-31cd-4228-9b08-d119ce0042d7,Murphyport,South Jamesland,1981-01-16,19:04:48,Crime fund change cover.,f35e160c-ce66-46f6-aa1d-b59c325afe2b,6188a316-1cb1-4988-acff-10b1e8e00e03
68befe9c-16bc-4689-8b66-92c1e5e6a5ef,Danielhaven,Ortizhaven,2024-02-23,19:02:55,Himself tax class stock term.,55cd243d-88ce-44a1-90e6-9bd9ad2d3206,5a459724-2837-4677-9441-a95e1a8d381f
5c164312-4f45-45d8-b83a-acdb58a44f71,Hensonberg,Mariaberg,2003-05-04,18:25:58,Spend type major cost.,dfcebce5-2dc1-4372-b409-1f08ec03f1b5,07c17976-8100-4101-a69f-f18ed95590fe
6c0def9f-6c6c-43e7-a48d-15eeca2732a0,Port Dennis,Cainmouth,1981-04-11,15:54:07,Chair environment with.,bd5fce57-196f-4065-9042-0da87d0766cf,c83f4993-09b9-44a1-bfa6-e48f4a99f71b
234df33a-59af-4535-aceb-4310347a11d2,Bridgesview,Johnsonton,2012-08-16,04:12:59,High street wait half middle.,d1768b65-dfed-4d86-aee1-3d16b6b4fc2b,eeee8a36-e758-4bb7-891b-ec7c3b192521
18a73427-7027-4c66-b0eb-b991468b0d9d,West Kenneth,New Harry,1972-10-06,01:11:28,Plant analysis foreign.,33cb6cce-6f70-4206-a9e6-c0f11c1f1431,3e86667e-fae5-4f5c-a264-245392a1a184
7dd4a448-5ff0-404c-944e-b83fc85920c6,Hillland,Henryfurt,2016-09-11,21:24:30,Rest hour data how activity.,c0a43636-a7db-4d41-9e0f-f66b0ab6044c,504fe67a-d568-454a-9f61-6bedef8f6c94
4ceae5e1-d862-4f99-acfa-bfb0dd1e2536,Martinchester,West Carrie,2018-06-04,05:08:37,During itself myself often thousand east skin.,d86131de-614d-4ce7-8bfa-2f020700beda,c45eadac-5ee1-409b-8688-de90fb26a862
0ee5b386-26a4-4ff5-9b6b-cd09654ec09c,North Laurafurt,Carneyfort,1973-02-06,07:40:24,Speech site at.,c9be6de6-ba5d-4f0a-81e8-2adb5c1e6ab2,03779337-1d98-4525-bc6e-e6c15c40b64d
15ce5644-5546-4e24-a977-14c4834ac636,New David,New Brittney,2012-08-02,23:55:08,Somebody ago type interesting.,aee53f23-ed9a-4503-8b19-9f888ade804a,22613730-a50b-4446-9160-2d90741f3aca
0847c9e7-8228-4cdc-ad56-b712b97ad8c9,Port Sarahhaven,North Robert,2018-07-21,16:26:30,And suddenly already open American.,5abc6475-3810-4f1b-ac8b-b0083c866a00,a0cf7a89-a2a5-4686-9308-98b453ac8c7c
4b204587-50fb-4617-a9d1-b787ec6ad385,Port Tarahaven,Whitakerside,1993-05-11,19:34:31,Perform center image.,2ffd2c57-cec6-4a88-9ec4-0933dd0d6eea,c9d59cf9-3918-411d-8e49-e017fe834bd7
6b5aadf2-949e-4615-9e24-aa78528d146e,North Sharon,West Matthewchester,2016-11-20,23:04:43,Suffer develop available blood source material line.,e2c86188-0af0-4a29-9ffc-4a03e18ddc07,55d44bb3-f834-4e22-a567-e09352009768
f3c65846-14f2-4bd5-8428-af9954ad179a,Port Justin,New Erika,1978-03-11,20:56:22,Network effect pretty product western.,64c3ff14-221f-48ec-be59-22becbc74ef4,56db7052-f51f-447c-a057-ae426419b90e
3c4c0a93-17a1-4483-88e9-473b66fc2a09,West Jacobville,Smithside,1989-11-24,04:21:35,Receive government each plant use sit.,f47d8c0c-145d-4d66-a522-c496a07dd58c,a6c905f0-5a53-47aa-bb23-544a010c63d6
932783e6-cf44-4535-9505-0f251e34ded3,Maryport,Lewisbury,2023-04-14,00:39:48,Director event dream perhaps loss success be.,2775f3d6-7541-43d5-9310-3436dc7f6534,1056a27d-d0d2-4b89-9092-a5653f6bbcc8
0347a2c1-68ad-4ffc-91e3-f14082d23a9c,Weissland,Brandiborough,1996-09-29,13:58:54,Example officer hotel discover area.,01dae18b-f114-403b-b8c1-51b94efef29e,b3686edb-edf7-4fe3-812e-e27d4cc12041
066a2823-075b-423c-989f-72b2640c9f36,Nelsonmouth,West Theresa,2023-05-31,02:20:34,Center however become interview turn back.,f31152ee-a3f5-4bf5-ba1d-36961c818c16,d816c1a0-c285-403a-b095-3d1fe7b577ac
d931acce-c1e9-4098-91e8-b93ff308e939,Hollyborough,North Tabitha,1988-11-27,22:27:40,Remain point sister rock institution head turn.,13273569-4877-4881-88d0-b626af45dc7d,63e89fcd-b6fa-44fe-aa92-ef49366381b2
7834d763-4e7e-47d1-8e2f-c14e974ede27,Fisherport,Harrisontown,2007-05-21,06:26:47,Board word anyone finally your.,ffad552f-40e4-46da-9298-231a6103c67c,69e5b8a5-ab3f-4c29-957d-e4b0d382a8b7
cf7bbfc9-3b15-4583-8f01-06a87382729a,South Christopherstad,East Emilyshire,2001-01-23,18:25:18,Last nature billion blood fall yes.,e12be4b1-8176-4042-b984-89dbed4108c0,dfe73c8c-3345-47aa-a9b2-5ee1ff1aa4b3
b369200e-084b-4832-bc8d-b4a07ca7a45c,Gregorystad,Schwartzborough,1981-04-07,06:15:31,On popular win major tough.,2d559167-84d1-4ee3-a64c-3f4c7136d60e,338581dd-e963-40fa-8b76-5240e7d7f768
1b480e5f-be2a-4761-af37-df6b642f4359,South Thomas,Bettymouth,1997-06-11,08:17:58,None into stand cup develop instead education.,ca5cbe5f-af69-48cb-af96-ff86ce53a076,58b9be9a-14e9-4150-9e1c-4bf6650418a2
9d8d38fb-9dda-4371-94c2-07088f30179a,West Tanyachester,West Brendaland,1980-04-26,16:54:31,Street prevent ten.,315cd81a-b69b-49eb-8505-24e639e894ed,ec630dcd-f397-4e03-a32b-92aa3fd7157f
937744e3-cd10-48f3-af20-7c2eb7623dc5,Myersburgh,Rhodesview,2004-08-21,15:51:59,Why owner our recognize many its behavior yard.,779bdc09-5a9a-44e1-baf0-35936ced0047,04de2779-a533-4f2f-b08c-c45ac3d35314
e17c10a6-f8a0-4bd1-9407-2408a25785e5,East Ashleyside,Franklinstad,2008-01-03,11:37:15,Chance meet say know.,b5badc68-a016-43a0-907b-78f53fb9a112,4919f3f9-292b-4fe7-9c6b-e87ef6b40fae
b55e0ef5-c377-40d1-b697-51cfb203ba5e,West Christopherhaven,Longfurt,2022-06-14,00:23:10,Rest section senior memory.,4b27a422-5a74-462e-805b-b1cacb4183d9,21ebe44e-3212-4b65-ae39-503114e614f8
1dc29a04-f92e-42da-9945-fd6c78a84b83,Karichester,Taylorchester,1974-03-15,03:42:01,Require however film also expert history.,40060e4d-4f01-429c-a05a-4574a7a60608,6a93e4a4-0d5f-4959-98b1-54ec0c38a8ee
5b9c601e-876a-43d8-af69-307d0a58324b,Sethside,Lake Gregory,2021-05-27,17:37:29,Tell education chance enough.,67e87bbc-da35-44cf-bff5-1d4fcb362910,d54ffc41-345d-4eb8-a3d2-c1f3282ed467
0cd99abf-76a9-4eab-92a7-d51ca69228b2,Bowmanton,Lake Timothyside,1971-06-13,17:37:47,Around itself nature enjoy energy involve standard site.,9dc8699e-1ffa-4362-b1c4-bad6d5be4875,27be144c-633b-4309-b07e-0f310a130960
cc076098-c040-4236-8179-b34bcacfade9,Patrickberg,Herrerastad,2013-11-23,15:47:11,Thought memory speech leader development current of social.,d4150541-9e94-4500-8e0a-8de552141894,ed46abbb-5b68-44e2-ba80-9d89f4229005
8b59e3ff-00df-459b-9c2a-c0fb4af09acb,Wrightside,Thompsontown,2015-08-31,00:28:34,Me wish lose though him.,15e87109-c561-47df-a782-3533eda8eace,d764809c-47f0-4974-9925-4c6e3586fa24
17fe0851-4502-461f-bfef-a762dcb62082,North Catherinetown,North Kyliehaven,1983-11-12,08:15:06,Expect something decide message off.,107a473c-bb18-4b3e-b791-06de7858d6ac,3f46e833-2216-40d9-a53f-580f3361e12b
21e89447-e992-428d-b87d-495b74ded8d5,East Kimberlyton,East Philipshire,2004-01-15,00:15:08,Range protect week treatment conference meet.,7b4c79e3-3ca1-4556-99d1-076a035522e3,51f2259a-635f-4b49-a2ae-2858714131ac
ae142063-a2bd-439d-bd7f-2d2aca2be961,West Davidberg,Taylorville,2021-04-29,13:04:20,Memory shoulder huge why week section feeling.,aedf00b1-9a10-4340-b811-3be48accef67,ea54ad17-40f4-4476-8eca-7926fe8747e1
4281e89d-2a28-4223-990a-a17b00ec6408,South Eric,North Peterburgh,2008-10-28,00:33:05,With over statement smile.,13f33151-194f-4804-9c81-d5c680b8f515,b43623ce-30aa-4af4-960f-b034c80e325f
607932d3-4275-48e6-a63d-b27c3a196e5e,Kellyhaven,East Lisa,1991-07-20,08:15:00,Offer think wind scientist east safe.,cca181f5-65bf-43c2-aa60-f6499263a7cf,30c31917-aa4c-487d-a15f-b3d77319d9eb
8bd45e56-b764-4baa-8f23-3d49999fd93f,Port Dianaberg,Bryanmouth,1989-04-13,10:32:47,Only edge modern administration rock.,87875391-fa14-4d7b-8695-e4307a8cebda,29ecd631-b284-46f0-94fd-72ee1e48cf0d
b5cca321-38ba-4f06-8330-c7b56864bb07,Lake Amandaland,North Melissa,1990-11-15,14:56:02,Her including still show production four.,b9174fb5-31f7-464f-b586-8c9619897986,9769f719-e9d0-4dbe-99d9-73d98bfd5081
31faa53f-1dd6-478e-9a0b-08c67c61a273,Williamsside,Port Jacqueline,2016-03-19,05:00:05,Everything artist kid program yeah anyone point.,4730ac52-dbd8-4d39-a02c-0fd25a6c6ea5,9ea720de-1600-4fbd-a1ec-938a473469e4
c8b32363-1a93-4486-ab17-a8814c56e16d,East Jackville,South Zachary,2002-03-24,09:33:31,Energy blue responsibility media page generation class director.,551f04c7-d8c4-4c2f-99d5-86cdd8781627,647907a9-4812-4241-bb3f-2a82f70b01f7
a64b6843-c1bd-464e-aca1-a50cb0f82a50,Brandonshire,South Jamie,1989-07-19,08:00:06,General attention owner talk business.,194b2aad-f9e5-4556-ab5d-0451505a6e25,9b450ef6-fabe-4f13-ba49-7bad6b16808f
ec560d23-bb26-47d1-809a-e112c9dc0bdd,Robinstad,Jonesburgh,2014-03-28,05:41:34,High positive admit she especially role door.,724eba9b-8725-41dd-ad8c-e25e212cc51a,2ed29cd1-367e-4ccc-9825-010648e80cc8
49f1caae-bf8c-465e-9f49-744ec7655635,Port Crystal,East Elizabeth,2023-08-11,21:56:49,Star win company relate.,08039012-e45a-46c0-a80f-3a7058ba4c38,94121bb7-bf53-4693-9cfb-4e1497edcef6
64089ecc-9da7-4dd1-9b1f-ff6b8694638e,East Terristad,Stephaniestad,1979-08-14,11:19:52,From democratic direction price to.,3f0d6a56-8f91-43c6-88cd-f9a94ba5888e,0baa055f-4c6f-4bda-84fe-3ad5250941aa
f3199807-1f94-4de2-b735-d8eb317a4a76,Riveraport,South Jacqueline,1973-08-29,20:27:19,Traditional relationship alone writer like never.,9e02b69a-8aa4-40a9-8dfe-83a943efade4,c6e0d0c5-f60c-49d0-8dcb-672a07dfa77a
483fdcc3-388d-42f1-9ea7-9fe9d226925e,Robertfort,East Andreaside,1992-06-03,10:27:43,New song know wife forward suffer simply often.,47497ec2-4d81-411a-82af-53a6769dddd6,357f34b2-f661-42e9-ba72-6a6c55f88240
256f07a7-7305-4f70-af36-9083cb111434,East Michaelborough,Tammyburgh,1972-06-04,04:56:33,Stock right hold hair.,ae4e4d76-c775-451f-bf49-bc8d32539803,b1ef6437-a8e1-48ef-b14e-5e88a2fe77fa
67d81360-db79-43a0-a9ee-4bb0e9b51e99,South Thomasside,Burtonport,1984-05-03,16:57:33,Wife present city public school former.,da3ed6fe-fda4-42b8-a5f9-9427c4702f85,80e97ef1-db06-4d6c-9e21-f255d45e228e
21272335-2a8c-4824-8d0a-f75b2c971c2c,Payneville,Merritthaven,1988-08-03,05:36:33,Improve show himself American allow town adult.,01f317e2-56b3-49a9-85d6-521029b061ef,daa16c0f-1893-47ec-b646-2ee779f82c84
6a7730a4-307c-4dd4-936c-8244405b039c,South Valerie,Steventon,2002-04-22,05:57:27,After computer increase effect.,3b9bb05f-28e7-48e2-9cac-bc4c82ac2e65,c574fba7-bb64-4c46-9b21-b3aafad35bad
eae088da-35ce-43da-9d97-19aeb862a7cd,Lake Kellyfort,South Jeffreyberg,1988-12-04,13:10:29,I such letter last heart opportunity.,1e77b518-bccf-48ed-a8f6-9fa6d0d3cb7e,a53326d7-ac77-44e4-93d3-3b05890cdf44
f99890d4-fad2-4e05-aaa7-153b10a71ff4,Kevinville,Alvaradoville,1996-04-20,06:50:08,Pull pull name service.,8889d96b-be26-4130-a18c-eff023a47aaf,beab73ab-af1a-403f-a46d-a44b4f41f867
d729ec90-36b5-45c5-aaf1-cc8d4b7b86ca,New Jenniferfurt,South Clayton,1980-09-02,12:48:22,Owner right environment sound seat suffer Mrs mind.,fca80208-a121-4640-8e3c-b8cd607e18a0,270bf8e6-c3b1-43b3-af07-0db5af429714
2b455691-6b7a-4bca-b720-20aec716d13e,North Nancy,Hickschester,1990-09-17,00:28:06,Similar option organization.,ed1ed0b5-c23b-4340-85a9-fb24ce18c142,98fa0c26-4368-4972-b46b-44739d0617f0
3296afc3-6113-4ba0-a9f1-e00ee52b2510,West Anita,Lake Joseph,1987-12-03,06:12:26,City above Mrs data when notice who.,8446e3fe-89c2-4bed-891d-180eb361a30c,014b92f6-7292-4247-bc82-3f413dafca54
6c48163c-db69-499c-abe4-ed3c922b8a9a,West Jacquelineville,Katrinamouth,2000-02-07,10:50:55,East bar change trade capital growth unit.,056770b7-f394-40b9-b600-0a8a7871c68b,73ce1eaf-e5e5-4e3d-a162-2cbfb533aa49
86e97046-55fe-4a03-8f48-f93a8e9bab6d,Lisaborough,West Daniel,2016-03-17,14:53:27,Crime look present head kid whole since.,34e30a4c-49ff-40b8-99d4-8447fecccef1,59fd78b6-34d2-4399-8b99-944bc8cd53ab
0d0d7e5a-ce8a-41cc-bfcd-5ebcf006e309,Smithport,North Juliebury,2001-03-04,19:36:32,Media someone wide serious parent.,034b317d-a0dd-46bb-a841-fdb637315110,25b4e6ab-fd98-4a7f-a32a-1379a17a5a4f
34867a6e-970b-4a83-b3f3-811c1c20db66,Scotttown,Kennethberg,2012-09-19,05:32:05,Owner of all add plan anyone.,31cb7729-1c48-4abd-89ab-5156ec0a9410,4013ae88-9a9a-4b32-83cf-8ce8328490f8
